<?xml version="1.0" encoding="UTF-8"?>
<preferences>
  <node name="net">
    <node name="tinyos">
      <node name="mcenter">
        <node name="AppLoader">
          <entry key="AllMSGDisplay" value="net.tinyos.mcenter.AllMSGDisplay" />
          <entry key="MessageTable" value="net.tinyos.mcenter.MessageTable" />
          <entry key="MessageInjector" value="net.tinyos.mcenter.MessageInjector" />
          <entry key="DiagMSGDisplay" value="net.tinyos.mcenter.DiagMSGDisplay" />
        </node>
        <node name="DiagMSGDisplay" />
        <node name="MessageTable">
          <node name="config">
            <node name="1Configuration">
              <entry key="amType" value="5" />
              <entry key="counter" value="false" />
              <entry key="timeStamp" value="false" />
              <entry key="firstUnique" value="false" />
              <entry key="format" value="uint16_t globalSenderID;uint8_t seqNO;uint8_t hopCountLimit;uint8_t hopCount;uint8_t appID = 66;uint32_t time; uint8_t GridX;uint8_t GridY;uint8_t SENTRY_SEND_POWER;uint8_t SLEEP_DURATION;uint8_t AWAKE_DURATION;uint8_t FORCE_ON_DURATION;uint8_t SAMPLING_INTERVAL;uint8_t REFRESH_INTERVAL;uint8_t MAG_THRESHOLD;uint8_t DOA;uint8_t PHASE_DELAY;uint8_t State;uint8_t REPORT_PERIOD;;uint16_t PM_PHASE_COUNT;    ;uint8_t PHASE_STATE;;" />
            </node>
            <node name="2TimeSync">
              <entry key="amType" value="170" />
              <entry key="counter" value="false" />
              <entry key="timeStamp" value="false" />
              <entry key="firstUnique" value="false" />
              <entry key="format" value="uint16_t	rootID;	;uint16_t	nodeID;		;uint8_t		seqNum;	;uint32_t	sendingTime;" />
            </node>
            <node name="3SD">
              <entry key="amType" value="5" />
              <entry key="counter" value="false" />
              <entry key="timeStamp" value="false" />
              <entry key="firstUnique" value="false" />
              <entry key="format" value="uint16_t globalSenderID;uint8_t seqNO;uint8_t hopCountLimit;uint8_t hopCount;uint8_t appID;uint16_t senderID;uint8_t  size;uint16_t ID1;uint16_t ID2;uint16_t ID3;uint16_t ID4;uint16_t ID5;uint16_t ID6;uint16_t ID7;uint16_t ID8;uint16_t ID9" />
            </node>
            <node name="4BackBoneFloodingMsg">
              <entry key="amType" value="17" />
              <entry key="counter" value="false" />
              <entry key="timeStamp" value="false" />
              <entry key="firstUnique" value="false" />
              <entry key="format" value="  uint16_t base_id ;  uint16_t source;  uint8_t  num_hops;  uint8_t  max_num_hops;  uint8_t  active" />
            </node>
            <node name="5SentrySelection">
              <entry key="amType" value="16" />
              <entry key="counter" value="false" />
              <entry key="timeStamp" value="false" />
              <entry key="firstUnique" value="false" />
              <entry key="format" value="uint16_t sourceID;;uint16_t sentryID;   ;uint8_t  state;;uint8_t  num_covered; ;uint8_t  num_sentries;;uint8_t  num_nonsentries; ;uint16_t  voltage;" />
            </node>
            <node name="6NODE_STATUS">
              <entry key="amType" value="18" />
              <entry key="counter" value="false" />
              <entry key="timeStamp" value="false" />
              <entry key="firstUnique" value="false" />
              <entry key="format" value="uint8_t  Transport_ID;uint8_t  size			  ;uint16_t source;uint16_t nodeId;;uint16_t x;;uint16_t y;  	;uint16_t sentry;;uint16_t route_to_base;;uint16_t voltage;	;uint8_t  num_sentries;;uint8_t  num_neighbors;;uint8_t  state;;uint8_t mir_status;;" />
            </node>
            <node name="7MemberAggregationReport">
              <entry key="amType" value="5" />
              <entry key="counter" value="false" />
              <entry key="timeStamp" value="false" />
              <entry key="firstUnique" value="false" />
              <entry key="format" value="uint16_t globalSenderID;;uint8_t seqNO;;uint8_t hopCountLimit;;uint8_t hopCount;;uint8_t appID;;uint16_t leaderID;;uint16_t groupID;;uint8_t  groupAge;;uint16_t  nodeID;uint16_t X;uint16_t Y;" />
            </node>
            <node name="7TrackingReport">
              <entry key="amType" value="18" />
              <entry key="counter" value="false" />
              <entry key="timeStamp" value="false" />
              <entry key="firstUnique" value="false" />
              <entry key="format" value="uint8_t  Transport_ID;uint8_t  size			  ;uint16_t source;uint16_t leaderID;uint16_t groupID;uint8_t groupAge;uint16_t leaderID;uint16_t X;uint16_t Y;uint8_t degreeOfAggregation;uint8_t degreeOfMag;uint8_t degreeOfPIR;uint8_t degreeOfAccoustic;" />
            </node>
            <node name="7TrackingReport_one_hop">
              <entry key="amType" value="5" />
              <entry key="counter" value="false" />
              <entry key="timeStamp" value="false" />
              <entry key="firstUnique" value="false" />
              <entry key="format" value="uint16_t globalSenderID;uint8_t seqNO;uint8_t hopCountLimit;uint8_t hopCount;uint8_t appID;uint16_t leaderID;;uint16_t groupID;;uint8_t groupAge;;uint16_t leaderID;;uint16_t x;;uint16_t y;;uint8_t degreeOfAggregation;;uint8_t degreeOfMag;;uint8_t degreeOfPIR;;uint8_t degreeOfAccoustic;" />
            </node>
            <node name="IGF">
              <entry key="amType" value="3" />
              <entry key="counter" value="false" />
              <entry key="timeStamp" value="true" />
              <entry key="firstUnique" value="false" />
              <entry key="format" value="uint16_t globalSenderID;;uint16_t globalReceiverID;;uint16_t x;uint16_t Y;uint8_t seqNO;;uint8_t appID;;uint8_t SenderID;;uint8_t sentCount;;uint32_t data" />
            </node>
            <node name="NODE_STATUS_ICD">
              <entry key="amType" value="18" />
              <entry key="counter" value="false" />
              <entry key="timeStamp" value="false" />
              <entry key="firstUnique" value="false" />
              <entry key="format" value="uint8_t flags;uint8_t recordType;uint8_t messageID;uint16_t nodeID;uint16_t xCoord;uint16_t yCoord;uint16_t sentryID;uint16_t parentID;uint8_t numSentries;uint8_t numNbrs;uint16_t voltage;uint8_t state;uint8_t sensorStatus;" />
            </node>
            <node name="NetworkStatus">
              <entry key="amType" value="18" />
              <entry key="counter" value="false" />
              <entry key="timeStamp" value="false" />
              <entry key="firstUnique" value="false" />
              <entry key="format" value="uint8_t flags;;uint8_t recordType;;uint8_t messageID;;uint8_t networkPhase;;uint16_t latitudeDegrees;;uint32_t latitudeMinutes;;uint16_t longitudeDegrees;;uint32_t longitudeMinutes;;uint8_t directionIndicator;;uint32_t networkTime;;uint32_t rotationPeriod;" />
            </node>
            <node name="SUMM">
              <entry key="amType" value="6" />
              <entry key="counter" value="false" />
              <entry key="timeStamp" value="false" />
              <entry key="firstUnique" value="false" />
              <entry key="format" value="uint16_t globalSenderID;;uint8_t seqNo;;uint8_t appID;;uint8_t PairCount;;uint8_t SenderID;;uint8_t sentCount;;uint16_t D1;;uint16_t N1;;uint16_t D1;;uint16_t N1;;uint16_t D1;;uint16_t N1;;uint32_t data;" />
            </node>
            <node name="TIME_POLLING">
              <entry key="amType" value="186" />
              <entry key="counter" value="false" />
              <entry key="timeStamp" value="true" />
              <entry key="firstUnique" value="false" />
              <entry key="format" value="uint16_t	senderAddr;;uint16_t	msgID;" />
            </node>
            <node name="TrackingReport">
              <entry key="amType" value="18" />
              <entry key="counter" value="false" />
              <entry key="timeStamp" value="false" />
              <entry key="firstUnique" value="false" />
              <entry key="format" value="uint8_t  Transport_ID;uint8_t  size			  ;uint16_t source;uint16_t leaderID;;uint16_t groupID;;uint8_t groupAge;;uint16_t X;uint16_t Y;uint8_t degreeOfAggregation;;uint8_t degreeOfMag;;uint8_t degreeOfPIR;;uint8_t degreeOfAccoustic;;uint16_t X;uint16_t Y;uint16_t Z;uint8_t Z" />
            </node>
          </node>
        </node>
        <node name="SerialConnector">
          <entry key="ComPort" value="COM1" />
          <entry key="ComSpeed" value="57600" />
          <entry key="IpAddress" value="127.0.0.1" />
          <entry key="IpPort" value="9000" />
          <entry key="GroupId" value="0x7D" />
          <entry key="TossimIP" value="127.0.0.1" />
          <entry key="TossimSerialIP" value="127.0.0.1" />
          <entry key="OtherString" value="" />
        </node>
      </node>
    </node>
  </node>
</preferences>

