<?xml version="1.0" encoding="UTF-8"?>
<preferences>
  <node name="isis">
    <node name="nest">
      <node name="messageCenter">
        <node name="AppLoader">
          <entry key="MessageTable" value="isis.nest.messageCenter.MessageTable" />
          <entry key="AllMSGDisplay" value="isis.nest.messageCenter.AllMSGDisplay" />
        </node>
        <node name="MessageTable">
          <node name="config">
            <node name="MemberReports">
              <entry key="amType" value="5" />
              <entry key="counter" value="false" />
              <entry key="timeStamp" value="true" />
              <entry key="format" value="uint16_t globalSenderID uint16_t globalReceiverID uint8_t seqNO uint8_t  hopCountLimit uint8_t  hopCount uint8_t appID uint16_t leader uint16_t sourceID   uint16_t data uint16_t x uint16_t y uint16_t z  uint16_t voltage;" />
            </node>
            <node name="NeigborDiscovery">
              <entry key="amType" value="15" />
              <entry key="counter" value="false" />
              <entry key="timeStamp" value="true" />
              <entry key="format" value=" uint8_t  type  uint16_t source  uint8_t  state;  uint8_t  num_sentries;  uint16_t sentry;  uint16_t padding" />
            </node>
            <node name="NeighborDiscovery">
              <entry key="amType" value="15" />
              <entry key="counter" value="false" />
              <entry key="timeStamp" value="false" />
              <entry key="format" value=" uint8_t  type  uint16_t source  uint8_t  state;  uint8_t  num_sentries;  uint16_t sentry;  uint16_t padding; " />
            </node>
            <node name="NetworkRecord">
              <entry key="amType" value="18" />
              <entry key="counter" value="false" />
              <entry key="timeStamp" value="true" />
              <entry key="format" value=" uint8_t  Transport_ID  uint8_t  size  uint16_t source  uint16_t group  uint16_t port   uint8_t status float padding float padding float padding uint16_t padding uint8_t padding" />
            </node>
            <node name="NodeRecord">
              <entry key="amType" value="18" />
              <entry key="counter" value="false" />
              <entry key="timeStamp" value="true" />
              <entry key="format" value="uint8_t  Transport_ID uint8_t  size uint16_t source uint16_t group const uint16_t port  = 2 uint16_t nodeId uint16_t x uint16_t y  uint16_t sentry uint16_t route_to_base uint16_t voltage  uint8_t  num_sentries uint8_t  num_neighbors; uint8_t  state uint8_t  padding" />
            </node>
            <node name="PMMessage">
              <entry key="amType" value="5" />
              <entry key="counter" value="false" />
              <entry key="timeStamp" value="true" />
              <entry key="format" value="uint16_t globalSenderID; uint16_t globalReceiverID; uint8_t seqNO; uint8_t  hopCountLimit; uint8_t  hopCount; uint8_t appID; uint16_t src_id uint8_t type  uint8_t arg uint8_t arg1 uint16_t seq_no" />
            </node>
            <node name="Recruit">
              <entry key="amType" value="5" />
              <entry key="counter" value="false" />
              <entry key="timeStamp" value="true" />
              <entry key="format" value="uint16_t globalSenderID; uint16_t globalReceiverID; uint8_t seqNO uint8_t  hopCountLimit uint8_t  hopCount uint8_t appID = 3 uint16_t lGroup uint16_t rGroup uint16_t leader uint16_t hopsLeft uint16_t sequenceNum; uint16_t eventPacket uint16_t state" />
            </node>
            <node name="Recurit">
              <entry key="amType" value="5" />
              <entry key="counter" value="false" />
              <entry key="timeStamp" value="false" />
              <entry key="format" value="uint16_t globalSenderID; uint16_t globalReceiverID; uint8_t seqNO uint8_t  hopCountLimit uint8_t  hopCount uint8_t appID = 3 uint16_t lGroup uint16_t rGroup uint16_t leader uint16_t hopsLeft uint16_t sequenceNum; uint16_t eventPacket uint16_t state" />
            </node>
            <node name="SysSYnc">
              <entry key="amType" value="37" />
              <entry key="counter" value="false" />
              <entry key="timeStamp" value="true" />
              <entry key="format" value="uint16_t source_addr uint32_t timeL uint8_t level uint8_t SEND_CNT uint8_t SENSE_CNT uint8_t RECRUIT uint8_t GridX uint8_t GridY uint8_t MagThreshold uint8_t EVENTS_BEFORE_SENDING; uint8_t SENTRY_SEND_POWER; uint8_t BACKBONE_POWER;  uint8_t PHASE_DELAY; uint8_t PM_DURATION_COUNT; uint8_t REPORT_PERI; uint16_t x;  OD uint8_t u uint8_t lower uint8_t sleep_period uint8_t awake_period; uint8_t padding  u" />
            </node>
            <node name="TimeSync">
              <entry key="amType" value="37" />
              <entry key="counter" value="false" />
              <entry key="timeStamp" value="false" />
              <entry key="format" value="uint16_t source_addr uint32_t timeH uint8_t level uint8_t phase uint8_t SEND_CNT uint8_t SENSE_CNT uint8_t RECRUIT uint8_t GridX uint8_t GridY uint8_t MagThreshold uint8_t EVENTS_BEFORE_SENDING; uint8_t SENTRY_SEND_POWER; uint8_t BACKBONE_POWER;  uint8_t PHASE_DELAY; uint8_t PM_DURATION_COUNT; uint8_t REPORT_PERIOD; uint8_t upper uint8_t lower" />
            </node>
            <node name="TrackingRecord">
              <entry key="amType" value="18" />
              <entry key="counter" value="false" />
              <entry key="timeStamp" value="true" />
              <entry key="format" value="uint8_t  Transport_ID  uint8_t  size  uint16_t source  uint16_t group  const uint16_t port = 1  uint16_t lGroup  uint16_t x  uint16_t y  uint16_t eventRec  uint16_t leaderID  uint16_t currentDataSeqNo  uint8_t confidenceLevel  uint16_t padding  uint8_t padding" />
            </node>
          </node>
          <entry key="configs" value="TrackingRecord NodeRecord NetworkRecord SysSYnc NeigborDiscovery Recruit PMMessage MemberReports " />
        </node>
        <node name="SerialConnector">
          <entry key="ComPort" value="COM1" />
          <entry key="ComSpeed" value="57600" />
          <entry key="SyncedComPort" value="COM1" />
          <entry key="SyncedComSpeed" value="57600" />
          <entry key="IpAddress" value="127.0.0.1" />
          <entry key="IpPort" value="9000" />
          <entry key="LocalPort" value="9000" />
          <entry key="GroupId" value="0x7D" />
        </node>
      </node>
    </node>
  </node>
  <node name="net">
    <node name="tinyos">
      <node name="mcenter">
        <node name="AppLoader">
          <entry key="MessageTable" value="net.tinyos.mcenter.MessageTable" />
          <entry key="AllMSGDisplay" value="net.tinyos.mcenter.AllMSGDisplay" />
          <entry key="SerialConnector" value="net.tinyos.mcenter.SerialConnector" />
          <entry key="MessageInjector" value="net.tinyos.mcenter.MessageInjector" />
          <entry key="DiagMSGDisplay" value="net.tinyos.mcenter.DiagMSGDisplay" />
        </node>
        <node name="DiagMSGDisplay" />
        <node name="MessageTable">
          <node name="config">
            <node name="1Configuration">
              <entry key="amType" value="5" />
              <entry key="counter" value="false" />
              <entry key="timeStamp" value="false" />
              <entry key="firstUnique" value="false" />
              <entry key="format" value="uint16_t globalSenderID;uint8_t seqNO;uint8_t hopCountLeft;uint8_t appID;uint8_t Segment;uint32_t time;uint8_t GridX;uint8_t syncDelay;uint8_t SDThreshold;uint8_t SDPower;uint8_t SDBeaconCount;uint8_t sentryRange;uint8_t powerMode;uint8_t pmTimeOut;uint8_t samplingInterval; uint8_t refreshInterval; uint8_t magThreshold; uint8_t PIRThreshold; uint8_t AccousticThreshold; uint8_t DOA; uint8_t phaseDelay; uint8_t reportPeriod;uint8_t sendingmode;" />
            </node>
            <node name="1Configuration-B">
              <entry key="amType" value="5" />
              <entry key="counter" value="false" />
              <entry key="timeStamp" value="false" />
              <entry key="firstUnique" value="false" />
              <entry key="format" value="uint16_t globalSenderID;uint8_t seqNO;uint8_t hopCountLeft;uint8_t ap;uint8_t Segment = 1;uint32_t Diff;int32_t lat;int32_t lon;int16_t TrackingPhaseC;int16_t settingbits;int8_t range;uint8_t ShutdownWin;uint8_t ShutdownThreshold;uint8_t padding;;uint8_t sendingmode;" />
            </node>
            <node name="1SnoozeTime">
              <entry key="amType" value="66" />
              <entry key="counter" value="false" />
              <entry key="timeStamp" value="false" />
              <entry key="firstUnique" value="false" />
              <entry key="format" value="uint8_t seq;uint32_t  high32;uint32_t  high32;uint32_t  last32;uint32_t  last32;" />
            </node>
            <node name="2TimeSync">
              <entry key="amType" value="170" />
              <entry key="counter" value="false" />
              <entry key="timeStamp" value="false" />
              <entry key="firstUnique" value="false" />
              <entry key="format" value="uint16_t rootID;unique uint16_t nodeID;uint8_t  seqNum;uint32_t sendingTime;" />
            </node>
            <node name="3SD">
              <entry key="amType" value="5" />
              <entry key="counter" value="false" />
              <entry key="timeStamp" value="false" />
              <entry key="firstUnique" value="false" />
              <entry key="format" value="uint16_t globalSenderID;uint8_t seqNO;uint8_t HopLeft;uint8_t appID;uint16_t senderID;uint8_t totalSize;uint8_t  size;uint16_t ID1;uint16_t ID2;uint16_t ID3;uint16_t ID4;uint16_t ID5;uint16_t ID6;uint16_t ID7;uint16_t ID8;uint16_t ID9;uint8_t sendingMode" />
            </node>
            <node name="4BackBoneFloodingMsg">
              <entry key="amType" value="17" />
              <entry key="counter" value="false" />
              <entry key="timeStamp" value="false" />
              <entry key="firstUnique" value="false" />
              <entry key="format" value="  uint16_t base_id; //TripWire ID ;  int16_t baseX;   //X location of the base;  int16_t baseY;   //Y location of the base;  int16_t senderX;;  int16_t senderY;;  unique uint16_t source; //Last Hop ID;  uint8_t  num_hops; //running hop count;  uint8_t  max_num_hops; //assign by the base to control the flooding area. (Optional);  uint8_t  active; //Whether this tripwire section is active or not;  uint8_t mode" />
            </node>
            <node name="4BackboneCommit">
              <entry key="amType" value="18" />
              <entry key="counter" value="false" />
              <entry key="timeStamp" value="false" />
              <entry key="firstUnique" value="false" />
              <entry key="format" value="uint8_t  Transport_ID;uint8_t  size     ;uint16_t source;unique uint16_t sender;uint16_t receiver;uint8_t sendingMode;" />
            </node>
            <node name="5SentrySelection">
              <entry key="amType" value="16" />
              <entry key="counter" value="false" />
              <entry key="timeStamp" value="false" />
              <entry key="firstUnique" value="false" />
              <entry key="format" value="unique uint16_t sourceID;uint16_t sentryID;uint8_t  state;uint8_t  num_covered;uint8_t  num_sentries;uint8_t  num_nonsentries;uint16_t  voltage;int16_t xPosition;;int16_t yPosition;" />
            </node>
            <node name="6NODE_STATUS">
              <entry key="amType" value="18" />
              <entry key="counter" value="false" />
              <entry key="timeStamp" value="true" />
              <entry key="firstUnique" value="false" />
              <entry key="format" value="uint8_t  Transport_ID;uint8_t  size     ;uint16_t source;uint16_t nodeId;int16_t x;int16_t y;uint16_t sentry;uint16_t route_to_base;uint16_t voltage;uint8_t  num_sentries;uint8_t  num_neighbors;uint8_t  state;uint8_t mir_status;uint32_t reportStartTime;;uint8_t sendingMode;" />
            </node>
            <node name="7MemberAggregationReport">
              <entry key="amType" value="5" />
              <entry key="counter" value="false" />
              <entry key="timeStamp" value="false" />
              <entry key="firstUnique" value="false" />
              <entry key="format" value="unique uint16_t  globalSenderID;uint8_t seqNO;uint8_t HopLeft;uint8_t appID;uint16_t leaderID;uint16_t groupID;uint8_t groupAge;uint8_t groupC1;uint8_t groupC2;uint8_t groupC3;uint8_t groupC4;uint16_t ID;uint16_t X;;uint16_t Y;uint8_t C1;uint8_t C2;uint8_t C3;uint8_t C4;uint8_t Sensor;uint8_t sendingMode" />
            </node>
            <node name="7TrackingReport">
              <entry key="amType" value="18" />
              <entry key="counter" value="false" />
              <entry key="timeStamp" value="false" />
              <entry key="firstUnique" value="false" />
              <entry key="format" value="uint8_t  Transport_ID;uint8_t  size     ;uint16_t source;uint16_t leaderID;uint16_t groupID;uint8_t groupAge;uint16_t leaderID;uint16_t X;uint16_t Y;uint8_t degreeOfAggregation;uint8_t degreeOfMag;uint8_t degreeOfPIR;uint8_t degreeOfAccoustic;" />
            </node>
            <node name="7TrackingReport_one_hop">
              <entry key="amType" value="5" />
              <entry key="counter" value="false" />
              <entry key="timeStamp" value="false" />
              <entry key="firstUnique" value="false" />
              <entry key="format" value="uint16_t globalSenderID;uint8_t seqNO;uint8_t HopLeft;uint8_t appID;uint16_t leaderID;uint16_t groupID;uint8_t groupAge;uint8_t groupC1;uint8_t groupC2;uint8_t groupC3;uint8_t groupC4;uint16_t x;uint16_t y;uint32_t timeStamp;uint8_t degreeOfAggregation;uint8_t degreeOfMag;uint8_t degreeOfPIR;uint8_t degreeOfAccoustic;uint8_t degreeofPoeple;uint8_t sending Mode" />
            </node>
            <node name="COMMANDS">
              <entry key="amType" value="0x9d" />
              <entry key="counter" value="false" />
              <entry key="timeStamp" value="false" />
              <entry key="format" value="unique int16 sender
unique int8 command
int16 bufferIndex
omit int32
omit int32
omit int32
omit int32
omit int32
omit int16
omit int8 " />
            </node>
            <node name="DUMP_STATE_REP type=6">
              <entry key="amType" value="0x9d" />
              <entry key="counter" value="false" />
              <entry key="timeStamp" value="false" />
              <entry key="format" value="unique uint16 sender
int8 type=6
uint8 status
int16 x
int16 y
int32 latRef
int32 lonRef
uint16 aRSSI
uint8 deplyType
uint16 uRSSI
uint16 dRSSI" />
            </node>
            <node name="HardwareReset">
              <entry key="amType" value="5" />
              <entry key="counter" value="false" />
              <entry key="timeStamp" value="false" />
              <entry key="firstUnique" value="false" />
              <entry key="format" value="uint16_t globalSenderID;uint8_t seqNO;int8_t hopCountLeft;uint8_t appID;uint16_t ResetNode;uint32_t ResetCode;uint32_t resetDela   ;uint8_t sendingMode" />
            </node>
            <node name="IGF">
              <entry key="amType" value="3" />
              <entry key="counter" value="false" />
              <entry key="timeStamp" value="true" />
              <entry key="firstUnique" value="false" />
              <entry key="format" value="uint16_t globalSenderID;;uint16_t globalReceiverID;;uint16_t x;uint16_t Y;uint8_t seqNO;;uint8_t appID;;uint8_t SenderID;;uint8_t sentCount;;uint32_t data" />
            </node>
            <node name="INIT_CONFIG type=10">
              <entry key="amType" value="0x9d" />
              <entry key="counter" value="false" />
              <entry key="timeStamp" value="false" />
              <entry key="format" value="omit uint16 sender
unique uint8 msgtype
uint8 deployType
uint16 upperRSSI
uint16 deltaRSSI
omit int32
omit int32
omit int32" />
            </node>
            <node name="INIT_LOCALIZATION type=0">
              <entry key="amType" value="0x9d" />
              <entry key="counter" value="false" />
              <entry key="timeStamp" value="false" />
              <entry key="format" value="uint16 sender
uint8 type
int32 lat
int32 lon
int16 x
int16 y
int16 filler
int8 filler
" />
            </node>
            <node name="NODE_STATUS_ICD">
              <entry key="amType" value="18" />
              <entry key="counter" value="false" />
              <entry key="timeStamp" value="false" />
              <entry key="firstUnique" value="false" />
              <entry key="format" value="uint8_t flags;uint8_t recordType;uint8_t messageID;uint16_t nodeID;uint16_t xCoord;uint16_t yCoord;uint16_t sentryID;uint16_t parentID;uint8_t numSentries;uint8_t numNbrs;uint16_t voltage;uint8_t state;uint8_t sensorStatus;" />
            </node>
            <node name="NetworkStatus">
              <entry key="amType" value="18" />
              <entry key="counter" value="false" />
              <entry key="timeStamp" value="false" />
              <entry key="firstUnique" value="false" />
              <entry key="format" value="uint8_t flags;;uint8_t recordType;;uint8_t messageID;;uint8_t networkPhase;;uint16_t latitudeDegrees;;uint32_t latitudeMinutes;;uint16_t longitudeDegrees;;uint32_t longitudeMinutes;;uint8_t directionIndicator;;uint32_t networkTime;;uint32_t rotationPeriod;" />
            </node>
            <node name="Onoff">
              <entry key="amType" value="249" />
              <entry key="counter" value="false" />
              <entry key="timeStamp" value="false" />
              <entry key="firstUnique" value="false" />
              <entry key="format" value="uint8 action;uint8 command" />
            </node>
            <node name="ResetMsg">
              <entry key="amType" value="5" />
              <entry key="counter" value="false" />
              <entry key="timeStamp" value="false" />
              <entry key="firstUnique" value="false" />
              <entry key="format" value="uint8_t dummy;;uint8_t paramCode;;uint8_t gridX;;uint8_t gridY;;uint8_t sentrySendPower;;uint8_t sleepDuration;;uint8_t awakeDuration;;uint8_t forceOnDuration;;uint8_t samplingInterval;;uint8_t refreshInterval;;uint8_t magThreshold;;uint8_t doa;;uint8_t phaseDelay;;uint8_t reportPeriod;;uint16_t pmPhaseCount;;uint8_t phaseState;;uint8_t range;" />
            </node>
            <node name="SUMM">
              <entry key="amType" value="6" />
              <entry key="counter" value="false" />
              <entry key="timeStamp" value="false" />
              <entry key="firstUnique" value="false" />
              <entry key="format" value="uint16_t globalSenderID;;uint8_t seqNo;;uint8_t appID;;uint8_t PairCount;;uint8_t SenderID;;uint8_t sentCount;;uint16_t D1;;uint16_t N1;;uint16_t D1;;uint16_t N1;;uint16_t D1;;uint16_t N1;;uint32_t data;" />
            </node>
            <node name="StatusQuery">
              <entry key="amType" value="168" />
              <entry key="counter" value="false" />
              <entry key="timeStamp" value="false" />
              <entry key="firstUnique" value="false" />
              <entry key="format" value=" uint8_t queryCommand; uint8_t queryID; uint16_t receiverId; " />
            </node>
            <node name="TIME_POLLING">
              <entry key="amType" value="186" />
              <entry key="counter" value="false" />
              <entry key="timeStamp" value="true" />
              <entry key="firstUnique" value="false" />
              <entry key="format" value="uint16_t senderAddr;;uint16_t msgID;" />
            </node>
            <node name="TrackingReport">
              <entry key="amType" value="18" />
              <entry key="counter" value="false" />
              <entry key="timeStamp" value="false" />
              <entry key="firstUnique" value="false" />
              <entry key="format" value="uint8_t  Transport_ID;uint8_t  size     ;uint16_t source;uint16_t leaderID;;uint16_t groupID;;uint8_t groupAge;;uint16_t X;uint16_t Y;uint8_t degreeOfAggregation;;uint8_t degreeOfMag;;uint8_t degreeOfPIR;;uint8_t degreeOfAccoustic;;uint16_t X;uint16_t Y;uint16_t Z;uint8_t Z" />
            </node>
          </node>
          <entry key="configs" value="INIT_LOCALIZATION type=0
DUMP_STATE_REP type=6
COMMANDS
" />
        </node>
        <node name="SerialConnector">
          <entry key="ComPort" value="COM1" />
          <entry key="ComSpeed" value="57600" />
          <entry key="IpAddress" value="127.0.0.1" />
          <entry key="IpPort" value="9001" />
          <entry key="LocalPort" value="9001" />
          <entry key="GroupId" value="0x7D" />
          <entry key="TossimIP" value="127.0.0.1" />
          <entry key="TossimSerialIP" value="127.0.0.1" />
          <entry key="OtherString" value="" />
        </node>
      </node>
    </node>
  </node>
</preferences>

